"Data.Label","Subsystem","Measurement.Location","Description","Units","channel","data_subsystem"
"Manifold-Hot Flow","DHW","Basement","The cumulative volume of water flowing into the hot side of the plumbing distribution manifold starting at midnight","Gallons","DHW_ManifoldHotFlow","DHW"
"Manifold-Cold Flow","DHW","Basement","The cumulative volume of water flowing into the cold side of the plumbing distribution manifold starting at midnight","Gallons","DHW_ManifoldColdFlow","DHW"
"MixValve -Cold Flow","DHW","Basement","The cumulative volume of mains water flowing into the mixing valve that is positioned downstream of the solar thermal storage tank starting at midnight","Gallons","DHW_MixValveColdFlow","DHW"
"Clothes Washer Ð Hot Flow","DHW","Utility","The cumulative volume of hot water flowing into the clothes washer starting at midnight","Gallons","DHW_ClothesWasherHotFlow","DHW"
"Clothes Washer Ð Cold Flow","DHW","Utility","The cumulative volume of cold water flowing into the clothes washer starting at midnight","Gallons","DHW_ClothesWasherColdFlow","DHW"
"Dishwasher Ð Hot Flow","DHW","Kitchen","The cumulative volume of hot water flowing into the dishwasher starting at midnight","Gallons","DHW_DishwasherHotFlow","DHW"
"Room Temp Ð Basement HPWH","DHW","Basement","The dry bulb air temperature located two feet from the surface of the heat pump water heater at a vertical distance halfway up the tank","¡C","DHW_RoomTempBasementHPWH","DHW"
"Water Temp Ð Manifold Cold In","DHW","Basement","The instantaneous temperature of the water entering the cold side of the plumbing manifold","¡C","DHW_WaterTempManifoldColdIn","DHW"
"Water Temp Ð Manifold Hot In","DHW","Basement","The instantaneous temperature of the water entering the hot side of the plumbing manifold","¡C","DHW_WaterTempManifoldHotIn","DHW"
"Water Temp Ð K Sink - Cold","DHW","Kitchen","The instantaneous temperature of the water in the cold water line at the kitchen sink","¡C","DHW_WaterTempKSinkCold","DHW"
"Water Temp Ð K Sink - Hot","DHW","Kitchen","The instantaneous temperature of the water in the hot water line at the kitchen sink","¡C","DHW_WaterTempKSinkHot","DHW"
"Water Temp - Dishwasher","DHW","Kitchen","The instantaneous temperature of the water in the hot water line at the dishwasher","¡C","DHW_WaterTempDishwasher","DHW"
"Water Temp Ð Washer Cold","DHW","Utility","The instantaneous temperature of the water in the cold water line at the clothes washer","¡C","DHW_WaterTempWasherCold","DHW"
"Water Temp - Washer Hot","DHW","Utility","The instantaneous temperature of the water in the hot water line at the clothes washer","¡C","DHW_WaterTempWasherHot","DHW"
"Water Temp Ð MBA SinkR Hot","DHW","MBath","The instantaneous temperature of the water in the hot water line at the right sink in the Master Bathroom","¡C","DHW_WaterTempMBASinkRHot","DHW"
"Water Temp Ð MBA SinkR Cold","DHW","MBath","The instantaneous temperature of the water in the cold water line at the right sink in the Master Bathroom","¡C","DHW_WaterTempMBASinkRCold","DHW"
"Water Temp Ð MBA Shw Hot","DHW","MBath","The instantaneous temperature of the water in the hot water line at the shower in the Master Bathroom","¡C","DHW_WaterTempMBAShwHot","DHW"
"Water Temp Ð MBA Shw Cold","DHW","MBath","The instantaneous temperature of the water in the cold water line at the shower in the Master Bathroom","¡C","DHW_WaterTempMBAShwCold","DHW"
"Water Temp Ð MBA Tub Hot","DHW","MBath","The instantaneous temperature of the water in the hot water line at the tub in the Master Bathroom","¡C","DHW_WaterTempMBATubHot","DHW"
"Water Temp Ð MBA Tub Cold","DHW","MBath","The instantaneous temperature of the water in the cold water line at the tub in the Master Bathroom","¡C","DHW_WaterTempMBATubCold","DHW"
"Water Temp Ð BA2 Sink Hot","DHW","Bath2","The instantaneous temperature of the water in the hot water line at the sink in the bathroom located off the hallway on the second floor","¡C","DHW_WaterTempBA2SinkHot","DHW"
"Water Temp Ð BA2 Sink Cold","DHW","Bath2","The instantaneous temperature of the water in the cold water line at the sink in the bathroom located off the hallway on the second floor","¡C","DHW_WaterTempBA2SinkCold","DHW"
"Water Temp Ð BA2 Shw Hot","DHW","Bath2","The instantaneous temperature of the water in the hot water line at the shower in the bathroom located off the hallway on the second floor","¡C","DHW_WaterTempBA2ShwHot","DHW"
"Water Temp Ð BA2 Shw Cold","DHW","Bath2","The instantaneous temperature of the water in the cold water line at the shower in the bathroom located off the hallway on the second floor","¡C","DHW_WaterTempBA2ShwCold","DHW"
"Water Temp Ð K Sink - Mix","DHW","Kitchen","The instantaneous temperature of the water in the kitchen sink faucet after the mixing valve","¡C","DHW_WaterTempKSinkMix","DHW"
"Water Temp Ð MBA Shw Mix","DHW","MBath","The instantaneous temperature of the water in the master bath shower after the mixing valve","¡C","DHW_WaterTempMBAShwMix","DHW"
"Water Temp Ð MBA Tub Mix","DHW","MBath","The instantaneous temperature of the water in the tub faucet after the mixing valve","¡C","DHW_WaterTempMBATubMix","DHW"
"Water Temp Ð BA2 Sink Mixed","DHW","Bath2","The instantaneous temperature of the water in the sink faucet of the bathroom located off the hallway on the second floor after the mixing valve","¡C","DHW_WaterTempBA2SinkMixed","DHW"
"Water Temp Ð BA2 Shower Mixed","DHW","Bath2","The instantaneous temperature of the water in the shower faucet of the bathroom located off the hallway on the second floor after the mixing valve","¡C","DHW_WaterTempBA2ShowerMixed","DHW"
"Water Temp Ð MBA Sink-R Mixed","DHW","MBath","The instantaneous temperature of the water in the master bath sink located on the right after the mixing valve","¡C","DHW_WaterTempMBASinkRMixed","DHW"
"Water Temp Ð Solar Preheat Tank (80 gal) In","DHW","Basement","The instantaneous temperature of the water entering the 80 gallon solar preheat tank","¡C","DHW_WaterTempSolarPreheatTank80galIn","DHW"
"Water Temp Ð Solar Preheat Tank (80 gal) Out","DHW","Basement","The instantaneous temperature of the water leaving the 80 gallon solar preheat tank","¡C","DHW_WaterTempSolarPreheatTank80galOut","DHW"
"Water Temp - MixValve Cold In","DHW","Basement","The instantaneous temperature of the water from the main entering the mixing valve downstream of the solar preheat tank","¡C","DHW_WaterTempMixValveColdIn","DHW"
"Water Temp - MixValve Hot In","DHW","Basement","The instantaneous temperature of the water from the solar preheat tank entering the mixing valve downstream of that tank","¡C","DHW_WaterTempMixValveHotIn","DHW"
"Water Temp - SHW HX (80 gal) HX In","DHW","Basement","The instantaneous temperature of the potable water on the inlet side of the heat exchanger of the solar water heating system (from the storage tank)","¡C","DHW_WaterTempSHWHX80galHXIn","DHW"
"Water Temp - SHW HX (80 gal) HX Out","DHW","Basement","The instantaneous temperature of the potable water on the exit side of the heat exchanger of the solar water heating system (returning to the storage tank)","¡C","DHW_WaterTempSHWHX80galHXOut","DHW"
"Water Temp - HPWH In","DHW","Basement","The instantaneous temperature of the water on the inlet side of the heat pump water heater","¡C","DHW_WaterTempHPWHIn","DHW"
"Water Temp - HPWH Out","DHW","Basement","The instantaneous temperature of the water on the exit side of the heat pump water heater","¡C","DHW_WaterTempHPWHOut","DHW"
"Glycol Temp - SHW HX (80 gal) HX In","DHW","Basement","The instantaneous temperature of the glycol-water solution on the inlet side of the heat exchanger of the solar water heating system (from the solar panels)","¡C","DHW_GlycolTempSHWHX80galHXIn","DHW"
"Glycol Temp - SHW HX (80 gal) HX Out","DHW","Basement","The instantaneous temperature of the glycol-water solution on the outlet side of the heat exchanger of the solar water heating system (returning to the solar panels)","¡C","DHW_GlycolTempSHWHX80galHXOut","DHW"
"Heat Pump Water Heater Energy - Total","DHW","Basement","Cumulative energy consumption by heat pump water heater starting from midnight","Wh","DHW_HeatPumpWaterHeaterEnergyTotal","DHW"
"Heat Pump Water Heater Power - Total","DHW","Basement","Instantaneous power consumption by heat pump water heater","W","DHW_HeatPumpWaterHeaterPowerTotal","DHW"
"SHW Pumps Energy - with Standby","DHW","Basement","Cumulative energy consumption by solar water heating system pumps starting from midnight","Wh","DHW_SHWPumpsEnergywithStandby","DHW"
"SHW Pumps Power - with Standby","DHW","Basement","Instantaneous power consumption by solar water heating system pumps","W","DHW_SHWPumpsPowerWithStandby","DHW"
"SHW HX (80 gal) Water Flow","SHW","Basement","Cumulative volume of potable water flowing through the heat exchanger of the solar water heating system starting from midnight (as measured by the heat exchangerÕs internal flow meter)","Gallons","SHW_SHWHX80galWaterFlow","SHW"
"Glycol Flow HX - Coriolis SHW","SHW","Basement","Cumulative volume of glycol/water solution flowing through the heat exchanger of the solar water heating system starting from midnight","Gallons","SHW_GlycolFlowHXCoriolisSHW","SHW"
"Water Flow HX Ð Coriolis SHW","SHW","Basement","Cumulative volume of potable water flowing through the heat exchanger of the solar water heating system starting from midnight","Gallons","SHW_WaterFlowHXCoriolisSHW","SHW"
"Glycol Temp - SHW Panel (80 gal) Out","SHW","Outdoor","Instantaneous temperature of glycol/water solution leaving solar panel on roof; temperature is measured with a surface RTD mounted on the surface of the pipe and wrapped in insulation  ","¡C","SHW_GlycolTempSHWPanel80galOut","SHW"
"Glycol Flow Rate HX - Coriolis SHW","SHW","Basement","Instantaneous flow rate of glycol/water solution flowing through the heat exchanger of the solar water heating system","Gallons Per Minute","SHW_GlycolFlowRateHXCoriolisSHW","SHW"
"Water Flow Rate HX - Coriolis SHW","SHW","Basement","Instantaneous flow rate of potable water flowing through the heat exchanger of the solar water heating system","Gallons Per Minute","SHW_WaterFlowRateHXCoriolisSHW","SHW"
"PSP - SHW","SHW","Outdoor","Solar broadband insolation measured adjacent to and in the plane of the solar thermal collectors","W/m^2","SHW_PSPSHW","SHW"
"Latent Heat Water Volume","Loads","Kitchen","Cumulative volume of water injected into space by humidifier to simulate moisture addition by occupant behavior","Gallons","Load_LatentHeatWaterVolume","Load"
"Freezer Temp","Loads","Kitchen","** NOTE: mislabeled ** Instantaneous temperature within refrigerator compartment","¡C","Load_FreezerTemp","Load"
"LR Plug Loads Power Usage","Loads","Living Room","Instantaneous power consumption by plug loads in living room","W","Load_LRPlugLoadsPowerUsage","Load"
"K Plug Loads Power Usage","Loads","Kitchen","Instantaneous power consumption by plug loads in kitchen","W","Load_KPlugLoadsPowerUsage","Load"
"MBR Plug Loads Power Usage","Loads","MBedroom","Instantaneous power consumption by plug loads in master bedroom","W","Load_MBRPlugLoadsPowerUsage","Load"
"BR2 Plug Loads Power Usage","Loads","Bedroom2","Instantaneous power consumption by plug loads in bedroom 2","W","Load_BR2PlugLoadsPowerUsage","Load"
"BR3 Plug Loads Power Usage","Loads","Bedroom3","Instantaneous power consumption by plug loads in bedroom 3","W","Load_BR3PlugLoadsPowerUsage","Load"
"BR4 Plug Loads Power Usage","Loads","Bedroom4","Instantaneous power consumption by plug loads in bedroom 4","W","Load_BR4PlugLoadsPowerUsage","Load"
"1st Floor Sens. Heat Power Usage","Loads","Multiple","Instantaneous power consumption by sensible heat emulators on first floor","W","Load_1stFloorSensHeatPowerUsage","Load"
"2nd Floor Sens. Heat Power Usage","Loads","Multiple","Instantaneous power consumption by sensible heat emulators on second floor","W","Load_2ndFloorSensHeatPowerUsage","Load"
"1st Floor Lights Power Usage","Loads","Multiple","Instantaneous power consumption by lights on first floor","W","Load_1stFloorLightsPowerUsage","Load"
"2nd Floor Lights Power Usage","Loads","Multiple","Instantaneous power consumption by lights on second floor","W","Load_2ndFloorLightsPowerUsage","Load"
"Latent Heat Power Usage","Loads","Kitchen","Instantaneous power consumption by moisture generator","W","Load_LatentHeatPowerUsage","Load"
"LR Plug Loads Energy Usage","Loads","Living Room","Cumulative energy consumption starting at midnight by plug loads in living room","Wh","Load_LRPlugLoadsEnergyUsage","Load"
"K Plug Loads Energy Usage","Loads","Kitchen","Cumulative energy consumption starting at midnight by plug loads in kitchen","Wh","Load_KPlugLoadsEnergyUsage","Load"
"MBR Plug Loads Energy Usage","Loads","MBedroom","Cumulative energy consumption starting at midnight by plug loads in master bedroom","Wh","Load_MBRPlugLoadsEnergyUsage","Load"
"BR2 Plug Loads Expected Energy Usage","Loads","Bedroom2","Cumulative energy consumption starting at midnight by plug loads in bedroom 2","Wh","Load_BR2PlugLoadsExpectedEnergyUsage","Load"
"BR3 Plug Loads Expected Energy Usage","Loads","Bedroom3","Cumulative energy consumption starting at midnight by plug loads in bedroom 3","Wh","Load_BR3PlugLoadsExpectedEnergyUsage","Load"
"BR4 Plug Loads Expected Energy Usage","Loads","Bedroom4","Cumulative energy consumption starting at midnight by plug loads in bedroom 4","Wh","Load_BR4PlugLoadsExpectedEnergyUsage","Load"
"1st Floor Sens. Heat Energy Usage","Loads","Multiple","Cumulative energy consumption starting at midnight by sensible heat generators on first floor","Wh","Load_1stFloorSensHeatEnergyUsage","Load"
"2nd Floor Sens. Heat Energy Usage","Loads","Multiple","Cumulative energy consumption starting at midnight by sensible heat generators on second floor","Wh","Load_2ndFloorSensHeatEnergyUsage","Load"
"1st Floor Lights Energy Usage","Loads","Multiple","Cumulative energy consumption starting at midnight by lights on first floor","Wh","Load_1stFloorLightsEnergyUsage","Load"
"2nd Floor Lights Energy Usage","Loads","Multiple","Cumulative energy consumption starting at midnight by lights on second floor","Wh","Load_2ndFloorLightsEnergyUsage","Load"
"Latent Heat Energy Usage","Loads","Kitchen","Cumulative energy consumption starting at midnight by moisture generators","Wh","Load_LatentHeatEnergyUsage","Load"
"Dryer Energy - Total","Loads","Kitchen","Cumulative energy consumption starting at midnight by dryer","Wh","Load_DryerEnergyTotal","Load"
"Dryer Power - Total","Loads","Kitchen","Instantaneous power consumption by dryer","W","Load_DryerPowerTotal","Load"
"Oven Energy - Total","Loads","Kitchen","Cumulative energy consumption starting at midnight by oven","Wh","Load_OvenEnergyTotal","Load"
"Oven Power - Total","Loads","Kitchen","Instantaneous power consumption by oven","W","Load_OvenPowerTotal","Load"
"Basement Plug Loads Power Usage","Loads","Basement","Instantaneous power consumption by plug loads in basement","W","Load_BasementPlugLoadsPowerUsage","Load"
"Basement Plug Loads Energy Usage","Loads","Basement","Cumulative energy consumption starting at midnight by plug loads in basement","Wh","Load_BasementPlugLoadsEnergyUsage","Load"
"Clothes Washer Energy - with Standby","Loads","Kitchen","Cumulative energy consumption starting at midnight by clothes washer","Wh","Load_ClothesWasherEnergywithStandby","Load"
"Clothes Washer Power - With Standby","Loads","Kitchen","Instantaneous power consumption by clothes washer","W","Load_ClothesWasherPowerWithStandby","Load"
"Refrigerator Energy - with Standby","Loads","Kitchen","Cumulative energy consumption starting at midnight by refrigerator","Wh","Load_RefrigeratorEnergywithStandby","Load"
"Refrigerator Power - With Standby","Loads","Kitchen","Instantaneous power consumption by refrigerator","W","Load_RefrigeratorPowerWithStandby","Load"
"Microwave Energy - with Standby","Loads","Kitchen","Cumulative energy consumption starting at midnight by microwave oven","Wh","Load_MicrowaveEnergywithStandby","Load"
"Microwave Power - With Standby","Loads","Kitchen","Instantaneous power consumption by microwave oven","W","Load_MicrowavePowerWithStandby","Load"
"HVAC Temp - Return Air","HVAC","Basement","Instantaneous dry bulb temperature of air in return duct prior to indoor unit","¡C","HVAC_HVACTempReturnAir","HVAC"
"HVAC Dewpoint - Return Air","HVAC","Basement","Instantaneous dewpoint temperature of air in return duct prior to indoor unit","¡C","HVAC_HVACDewpointReturnAir","HVAC"
"HVAC Temp - Supply Air","HVAC","Basement","Instantaneous dry bulb temperature of air in supply duct after indoor unit","¡C","HVAC_HVACTempSupplyAir","HVAC"
"HVAC Dewpoint - Supply Air","HVAC","Basement","Instantaneous dewpoint temperature of air in supply duct after indoor unit","¡C","HVAC_HVACDewpointSupplyAir","HVAC"
"Heat Pump Indoor Unit Power","HVAC","Basement","Average power consumption of heat pump indoor unit (blower, controls, resistance heat) over the course of the minute","W","HVAC_HeatPumpIndoorUnitPower","HVAC"
"Dehumidifier Power","HVAC","Basement","Average power consumption of dedicated dehumidifier over the course of the minute","W","HVAC_DehumidifierPower","HVAC"
"Dehumidifier Inlet Air Temp","HVAC","Basement","Average temperature of air in inlet duct to dedicated dehumidifier over the course of the minute","¡F","HVAC_DehumidifierInletAirTemp","HVAC"
"Dehumidifier Exit Air Temp","HVAC","Basement","Average temperature of air in outlet duct from dedicated dehumidifier over the course of the minute","¡F","HVAC_DehumidifierExitAirTemp","HVAC"
"Dehumidifier Airflow","HVAC","Basement","Average airflow through dedicated dehumidifier over the course of the minute","ft3/min","HVAC_DehumidifierAirflow","HVAC"
"Room Temp - Basement NW","IndEnv","Basement","Instantaneous drybulb temperature in middle of northwest quadrant of basement","¡C","IndEnv_RoomTempBasementNW","IndEnv"
"Room Temp - Basement NE","IndEnv","Basement","Instantaneous drybulb temperature in middle of northeast quadrant of basement","¡C","IndEnv_RoomTempBasementNE","IndEnv"
"Room Temp - Basement SE","IndEnv","Basement","Instantaneous drybulb temperature in middle of southeast quadrant of basement","¡C","IndEnv_RoomTempBasementSE","IndEnv"
"Room Temp - Basement SW","IndEnv","Basement","Instantaneous drybulb temperature in middle of southwest quadrant of basement","¡C","IndEnv_RoomTempBasementSW","IndEnv"
"Room Temp - Kitchen Temp","IndEnv","Kitchen","Instantaneous drybulb temperature in kitchen","¡C","IndEnv_RoomTempKitchenTemp","IndEnv"
"Room Temp - DR Temp","IndEnv","Dining Room","Instantaneous drybulb temperature in dining room","¡C","IndEnv_RoomTempDRTemp","IndEnv"
"Room Temp - LR Temp","IndEnv","Living Room","Instantaneous drybulb temperature in living room","¡C","IndEnv_RoomTempLRTemp","IndEnv"
"Room Temp - Hall Lowest","IndEnv","Entry Hallway","Instantaneous drybulb temperature in center hallway, measured at a height of ** m","¡C","IndEnv_RoomTempHallLowest","IndEnv"
"Room Temp - Hall Lower Mid","IndEnv","Entry Hallway","Instantaneous drybulb temperature in center hallway, measured at a height of ** m","¡C","IndEnv_RoomTempHallLowerMid","IndEnv"
"Room Temp - Hall Middle","IndEnv","Entry Hallway","Instantaneous drybulb temperature in center hallway, measured at a height of ** m","¡C","IndEnv_RoomTempHallMiddle","IndEnv"
"Room Temp - Hall Upper Mid","IndEnv","Entry Hallway","Instantaneous drybulb temperature in center hallway, measured at a height of ** m","¡C","IndEnv_RoomTempHallUpperMid","IndEnv"
"Room Temp - Hall Upper","IndEnv","Entry Hallway","Instantaneous drybulb temperature in center hallway, measured at a height of ** m","¡C","IndEnv_RoomTempHallUpperMid","IndEnv"
"Room Temp - BR4 Temp","IndEnv","Bedroom4","Instantaneous drybulb temperature in bedroom 4","¡C","IndEnv_RoomTempBR4Temp","IndEnv"
"Room Temp - BA1 Temp","IndEnv","Bath1","Instantaneous drybulb temperature in bathroom 1 on first floor","¡C","IndEnv_RoomTempBA1Temp","IndEnv"
"Room Temp - WD Temp","IndEnv","Kitchen","Instantaneous drybulb temperature in utility closet holding clothes washer and dryer","¡C","IndEnv_RoomTempWDTemp","IndEnv"
"Room Temp - MBA Temp","IndEnv","MBath","Instantaneous drybulb temperature in master bathroom on second floor","¡C","IndEnv_RoomTempMBATemp","IndEnv"
"Room Temp - MBR Temp","IndEnv","MBedroom","Instantaneous drybulb temperature in master bedroom on second floor","¡C","IndEnv_RoomTempMBRTemp","IndEnv"
"Room Temp - BR2 Temp","IndEnv","Bedroom2","Instantaneous drybulb temperature in bedroom 2 on second floor","¡C","IndEnv_RoomTempBR2Temp","IndEnv"
"Room Temp - BR3 Temp","IndEnv","Bedroom3","Instantaneous drybulb temperature in bedroom 3 on second floor","¡C","IndEnv_RoomTempBR3Temp","IndEnv"
"Room Temp - BA2 Temp","IndEnv","Bath2","Instantaneous drybulb temperature in bathroom 2 on second floor","¡C","IndEnv_RoomTempBA2Temp","IndEnv"
"Room Temp - Attic NW","IndEnv","Attic","Instantaneous drybulb temperature in northwest quadrant of attic","¡C","IndEnv_RoomTempAtticNW","IndEnv"
"Room Temp - Attic NE","IndEnv","Attic","Instantaneous drybulb temperature in northeast quadrant of attic","¡C","IndEnv_RoomTempAtticNE","IndEnv"
"Room Temp - Attic SE","IndEnv","Attic","Instantaneous drybulb temperature in southeast quadrant of attic","¡C","IndEnv_RoomTempAtticSE","IndEnv"
"Room Temp - Attic SW","IndEnv","Attic","Instantaneous drybulb temperature in southwest quadrant of attic","¡C","IndEnv_RoomTempAtticSW","IndEnv"
"Radiant Temp - Kitchen","IndEnv","Kitchen","Instantaneous drybulb temperature within the radiant temperature sensor in the kitchen","¡C","IndEnv_RadiantTempKitchen","IndEnv"
"Radiant Temp - LR","IndEnv","Living Room","Instantaneous drybulb temperature within the radiant temperature sensor in the living room","¡C","IndEnv_RadiantTempLR","IndEnv"
"Radiant Temp - MBR","IndEnv","MBedroom","Instantaneous drybulb temperature within the radiant temperature sensor in the master bedroom","¡C","IndEnv_RadiantTempMBR","IndEnv"
"Radiant Temp - BR2","IndEnv","Bedroom2","Instantaneous drybulb temperature within the radiant temperature sensor in bedroom 2 on second floor","¡C","IndEnv_RadiantTempBR2","IndEnv"
"Radiant Temp - BR3","IndEnv","Bedroom3","Instantaneous drybulb temperature within the radiant temperature sensor in bedroom 3 on second floor","¡C","IndEnv_RadiantTempBR3","IndEnv"
"PV System 1 AC Energy OS;Ê E_AC_PV1_OS","PV","Attic","Cumulative AC energy generation out of inverter 1 of the photovoltaic array; data collected with current shunts.  ","Wh","PV_PVSystem1ACEnergyOSü¾˜–Œ¼EACPV1OS","PV"
"PV System 2 AC Energy OS;Ê E_AC_PV2_OS","PV","Attic","Cumulative AC energy generation out of the inverter 2 of the photovoltaic array; data collected with current shunts.  ","Wh","PV_PVSystem2ACEnergyOSü¾˜–Œ¼EACPV2OS","PV"
"PV Backside Temp 2","PV","Outdoor","Instantaneous temperature on the backside of module at location 2 of the photovoltaic array.  Location 2 is on the 3rd string from the bottom of the array, the fourth module from the west side of the array.  ","¡C","PV_PVBacksideTemp2","PV"
"PV Backside Temp 3","PV","Outdoor","Instantaneous temperature on the backside of module at location 3 of the photovoltaic array.  Location 3 is on the 3rd string from the bottom of the array, the fourth module from the west side of the array.  ","¡C","PV_PVBacksideTemp3","PV"
"PV Backside Temp 4","PV","Outdoor","Instantaneous temperature on the backside of module at location 4 of the photovoltaic array.  Location 4 is on the 3rd string from the bottom of the array, the fourth module from the west side of the array.  ","¡C","PV_PVBacksideTemp4","PV"
"PV Backside Temp 7","PV","Outdoor","Instantaneous temperature on the backside of module at location 7 of the photovoltaic array.  Location 7 is on the top string of the array, the west-most module of the array.  ","¡C","PV_PVBacksideTemp7","PV"
"String Voltage [U_Str2]","PV","Attic","Instantaneous voltage from String 2 of photovoltaic array into inverter 1 (DC)","V","PV_StringVoltageUStr2","PV"
"String Voltage [U_Str4]","PV","Attic","Instantaneous voltage from String 4 of photovoltaic array into inverter 2 (DC)","V","PV_StringVoltageUStr4","PV"
"Volts A-N [U_AN_1=]","PV","Attic","Instantaneous voltage difference between the Phase A live wire and neutral wire from inverter 1 (AC)","V","PV_VoltsANUAN1","PV"
"Volts B-N [U_BN_1]","PV","Attic","Instantaneous voltage difference between the Phase B live wire and neutral wire from inverter 1 (AC)","V","PV_VoltsBNUBN1","PV"
"Amps A [I_A_1]","PV","Attic","Instantaneous current produced from the Phase A wire from inverter 1 (AC)","A","PV_AmpsAIA1","PV"
"Amps B [I_B_1]","PV","Attic","Instantaneous current produced from the Phase B wire from inverter 1 (AC)","V","PV_AmpsBIB1","PV"
"Watts, 3-Ph Total [W_3PhT_1]","PV","Attic","Instantaneous power produced from Inverter 1 (Single phase AC); meters utilize current transformers","W","PV_Watts3PhTotalW3PhT1","PV"
"Frequency [F_1]","PV","Attic","Instantaneous frequency of AC electricity output from inverter 1","Hz","PV_FrequencyF1","PV"
"W-hours, Delivered [Wh_D_1]","PV","Attic","Cumulative energy delivered by inverter 1 from beginning of operation as measured by system using current transformers","Wh","PV_WhoursDeliveredWhD1","PV"
"Volts A-N [U_AN_2=]","PV","Attic","Instantaneous voltage difference between the Phase A live wire and neutral wire from inverter 2 (AC)","V","PV_VoltsANUAN2","PV"
"Volts B-N [U_BN_2]","PV","Attic","Instantaneous voltage difference between the Phase B live wire and neutral wire from inverter 2 (AC)","V","PV_VoltsBNUBN2","PV"
"Amps A [I_A_2]","PV","Attic","Instantaneous current produced from the Phase A wire from inverter 2 (AC)","A","PV_AmpsAIA2","PV"
"Amps B [I_B_2]","PV","Attic","Instantaneous current produced from the Phase B wire from inverter 2 (AC)","V","PV_AmpsBIB2","PV"
"Watts, 3-Ph Total [W_3PhT_2]","PV","Attic","Instantaneous power produced from Inverter 2 (Single phase AC); meters utilize current transformers","W","PV_Watts3PhTotalW3PhT2","PV"
"Frequency [F_2]","PV","Attic","Instantaneous frequency of AC electricity output from inverter 2","Hz","PV_FrequencyF2","PV"
"W-hours, Delivered [Wh_D_2]","PV","Attic","Cumulative energy delivered by inverter 2 from beginning of operation as measured by system using current transformers","Wh","PV_WhoursDeliveredWhD2","PV"
"String Current [I_Str1]","PV","Attic","Instantaneous direct current from string 1 feeding into inverter 1","A","PV_StringCurrentIStr1","PV"
"String Current [I_Str2]","PV","Attic","Instantaneous direct current from string 2 feeding into inverter 1","A","PV_StringCurrentIStr2","PV"
"String Current [I_Str3]","PV","Attic","Instantaneous direct current from string 3 feeding into inverter 2","A","PV_StringCurrentIStr3","PV"
"String Current [I_Str4]","PV","Attic","Instantaneous direct current from string 4 feeding into inverter 2","A","PV_StringCurrentIStr4","PV"
"PV System 1 AC Power OS; ÊP_AC_PV1_OS","PV","Attic","Instantaneous AC power reading from inverter 1 as measured by current shunts","W","PV_PVSystem1ACPowerOSü¾˜–Œ¼PACPV1OS","PV"
"PV System 2 AC Power OS; ÊP_AC_PV2_OS","PV","Attic","Instantaneous AC power reading from inverter 1 as measured by current shunts","W","PV_PVSystem2ACPowerOSü¾˜–Œ¼PACPV2OS","PV"
"PV Insolation (H_Array)","PV","Outdoor","The amount of sunlight impacting the array during the past minute.  ","kWh","PV_PVInsolationHArray","PV"
"Outdoor Amb. Temp","OutEnv","Outdoor","Instantaneous dry bulb temperature measured on roof of house","¡C","OutEnv_OutdoorAmbTemp","OutEnv"
"Rooftop Wind Speed","OutEnv","Outdoor","Instantaneous wind speed measured on roof of house","m/s","OutEnv_RooftopWindSpeed","OutEnv"
"Rooftop Wind Direction","OutEnv","Outdoor","Instantaneous wind direction measured on roof of house; 0¡ means wind is blowing from true north; all other readings are taken relative to clockwise from true north.  For example, 90¡ means wind is blowing from true east to true west.   ","degrees","OutEnv_RooftopWindDirection","OutEnv"
"HRV Temp - Supply Out","Ventilation","Basement","Instantaneous dry bulb temperature in the supply duct outlet from the heat recovery ventilator; refers to outdoor air being brought into the house","¡C","Vent_HRVTempSupplyOut","Vent"
"HRV Temp - Return In","Ventilation","Basement","Instantaneous dry bulb temperature in the return duct inlet to the heat recovery ventilator; refers to indoor air being exhausted from the house","¡C","Vent_HRVTempReturnIn","Vent"
"HRV Temp - Exhaust Out","Ventilation","Basement","Instantaneous dry bulb temperature in the exhaust duct outlet from the heat recovery ventilator; refers to indoor air being exhausted from the house","¡C","Vent_HRVTempExhaustOut","Vent"
"HRV Temp - Outdoor in","Ventilation","Basement","Instantaneous dry bulb temperature in the outdoor inlet duct to the heat recovery ventilator; refers to outdoor air being brought into the house","¡C","Vent_HRVTempOutdoorin","Vent"
"HRV Dewpoint Temperature - Supply","Ventilation","Basement","Instantaneous dew point temperature in the supply duct outlet from the heat recovery ventilator; refers to outdoor air being brought into the house","¡C","Vent_HRVDewpointTemperatureSupply","Vent"
"HRV Dewpoint Temperature - Return","Ventilation","Basement","Instantaneous dew point temperature in the return duct inlet to the heat recovery ventilator; refers to indoor air being exhausted from the house","¡C","Vent_HRVDewpointTemperatureReturn","Vent"
"HRV Dewpoint Temperature - Exhaust","Ventilation","Basement","Instantaneous dew point temperature in the exhaust duct outlet from the heat recovery ventilator; refers to indoor air being exhausted from the house","¡C","Vent_HRVDewpointTemperatureExhaust","Vent"
"HRV Dewpoint Temperature - Outdoor","Ventilation","Basement","Instantaneous dew point temperature in the outdoor inlet duct to the heat recovery ventilator; refers to outdoor air being brought into the house","¡C","Vent_HRVDewpointTemperatureOutdoor","Vent"
"HRV fresh air pressure differential","Ventilation","Basement","Instantaneous pressure differential across heat recovery ventilator of the outdoor air stream","Inches H2O","Vent_HRVfreshairpressuredifferential","Vent"
"HRV stale air pressure differential","Ventilation","Basement","Instantaneous pressure differential across heat recovery ventilator of the exhaust air stream","Inches H2O","Vent_HRVstaleairpressuredifferential","Vent"
"HRV return flow rate","Ventilation","Basement","Instantaneous flow rate of air in the return flow duct entering the heat recovery ventilator; refers to indoor air being exhausted from the house","ft^3/min","Vent_HRVreturnflowrate","Vent"
"HRV exhaust flow rate","Ventilation","Basement","Instantaneous flow rate of air in the exhaust duct outlet from the heat recovery ventilator; refers to indoor air being exhausted from the house","ft^3/min","Vent_HRVexhaustflowrate","Vent"
"HRV outdoor flow rate","Ventilation","Basement","Instantaneous flow rate of air in the outdoor inlet duct to the heat recovery ventilator; refers to outdoor air being brought into the house","ft^3/min","Vent_HRVoutdoorflowrate","Vent"
"Energy - RP B-1 Plugs - Base A (Heliodyne HXs)","SHW","Basement","Cumulative energy used by solar water heater pumps from midnight","Wh","SHW_EnergyRPB1PlugsBaseAHeliodyneHXs","SHW"
"Energy - RP B-2 Plugs - Base B","Electrical","Basement","Cumulative energy consumption at receptacle B in basement from midnight","Wh","Elec_EnergyRPB2PlugsBaseB","Elec"
"Energy - RP B-3 Plugs - Base C","Electrical","Basement","Cumulative energy consumption at receptacle C in basement from midnight","Wh","Elec_EnergyRPB3PlugsBaseC","Elec"
"Energy - RP B-4 Sump Pump","Electrical","Basement","Cumulative energy consumption of sump pump in basement from midnight","Wh","Elec_EnergyRPB4SumpPump","Elec"
"Energy - RP B-5 Lights - Basement Stair","Lighting","Basement","Cumulative energy consumption of lights over basement stairs from midnight","Wh","Elec_EnergyRPB5LightsBasementStair","Elec"
"Energy - RP B-6 Spare","Electrical","Basement","Cumulative energy consumption of standby electrical load in basement from midnight","Wh","Elec_EnergyRPB6Spare","Elec"
"Energy - RP B-8 Plugs - BA1","Electrical","Bath1","Cumulative energy consumption at receptacles of bathroom 1 from midnight","Wh","Elec_EnergyRPB8PlugsBA1","Elec"
"Energy - RP B-13 Plugs - DR","Electrical","Dining Room","Cumulative energy consumption at receptacles of dining room from midnight","Wh","Elec_EnergyRPB13PlugsDR","Elec"
"Energy - RP B-14 Plugs - BR4","Electrical","Bedroom4","Cumulative energy consumption at receptacles of bedroom 4 from midnight","Wh","Elec_EnergyRPB14PlugsBR4","Elec"
"Energy - RP B-15 Plugs - Entry Hall","Electrical","Entry Hallway","Cumulative energy consumption at receptacles in entry hallway from midnight","Wh","Elec_EnergyRPB15PlugsEntryHall","Elec"
"Energy - RP B-16 Plugs - LR","Electrical","Living Room","Cumulative energy consumption at receptacles of living room from midnight","Wh","Elec_EnergyRPB16PlugsLR","Elec"
"Energy - RP B-17 Clothes Washer","Electrical","Utility","Cumulative energy consumption of clothes washer from midnight","Wh","Elec_EnergyRPB17ClothesWasher","Elec"
"Energy - RP B-18 Dryer (1of2)","Electrical","Utility","Cumulative energy consumption of one leg of electrical supply to dryer from midnight; note that energy consumption from other leg is needed to get total energy consumption by dryer","Wh","Elec_EnergyRPB18Dryer1of2","Elec"
"Energy - RP B-19 Dehumidifier","HVAC","Basement","Cumulative energy consumption of dehumidifier from midnight","Wh","HVAC_EnergyRPB19Dehumidifier","HVAC"
"Energy - RP B-20 Dryer (2of2)","Electrical","Utility","Cumulative energy consumption of one leg of electrical supply to dryer from midnight; note that energy consumption from other leg is needed to get total energy consumption by dryer","Wh","Elec_EnergyRPB20Dryer2of2","Elec"
"Energy - RP B-25 HRV","HVAC","Basement","Cumulative energy consumption of heat recovery ventilator from midnight","Wh","HVAC_EnergyRPB25HRV","HVAC"
"Energy - RP B-26 Heat Pump WH (1of2)","DHW","Basement","Cumulative energy consumption of one leg of electrical supply to heat pump water heater from midnight; note that energy consumption from other leg is needed to get total energy consumption by heat pump water heater","Wh","DHW_EnergyRPB26HeatPumpWH1of2","DHW"
"Energy - RP B-28 Heat Pump WH (2of2)","DHW","Basement","Cumulative energy consumption of one leg of electrical supply to heat pump water heater from midnight; note that energy consumption from other leg is needed to get total energy consumption by heat pump water heater","Wh","DHW_EnergyRPB28HeatPumpWH2of2","DHW"
"Energy - RP B-33 PV (1of2)","PV","Basement","Cumulative energy fed into breaker panel by one leg of electrical supply from PV inverters from midnight; note that energy supplied from other leg is needed to get total energy supply from inverters","Wh","PV_EnergyRPB33PV1of2","PV"
"Energy - RP B-35 PV (2of2)","PV","Basement","Cumulative energy fed into breaker panel by one leg of electrical supply from PV inverters from midnight; note that energy supplied from other leg is needed to get total energy supply from inverters","Wh","PV_EnergyRPB35PV2of2","PV"
"Energy - RP BA-1 Make-Up Air Damper","Ventilation","Attic","Cumulative energy consumption of make-up air damper located in attic from midnight","Wh","Vent_EnergyRPBA1MakeUpAirDamper","Vent"
"Energy - RP BA-2 Lights - 2nd Floor","Lighting","Bath2","Cumulative energy consumption of lighting in bathroom 2 from midnight","Wh","Elec_EnergyRPBA2Lights2ndFloor","Elec"
"Energy - RP BA-3 Plugs - MBA (East)","Electrical","MBath","Cumulative energy consumption from receptacles on east side of master bathroom from midnight","Wh","Elec_EnergyRPBA3PlugsMBAEast","Elec"
"Energy - RP BA-4 Plugs - BA2 (South)","Electrical","Bath2","Cumulative energy consumption from receptacles on south side of bathroom 2 from midnight","Wh","Elec_EnergyRPBA4PlugsBA2South","Elec"
"Energy - RP BA-5 Plugs - MBA (West)","Electrical","MBath","Cumulative energy consumption from receptacles on west side of master bathroom from midnight","Wh","Elec_EnergyRPBA5PlugsMBAWest","Elec"
"Energy - RP BA-6 Plugs - BA2 (North)","Electrical","Bath2","Cumulative energy consumption from receptacles on north side of bathroom 2 from midnight","Wh","Elec_EnergyRPBA6PlugsBA2North","Elec"
"Energy - RP BA-7 Plugs - BR3","Electrical","Bedroom3","Cumulative energy consumption from receptacles in bedroom 3 from midnight","Wh","Elec_EnergyRPBA7PlugsBR3","Elec"
"Energy - RP BA-8 Refrigerator","Electrical","Kitchen","Cumulative energy consumption by refrigerator from midnight","Wh","Elec_EnergyRPBA8Refrigerator","Elec"
"Energy - RP BA-9 Plugs - Kit (Sink)","Electrical","Kitchen","Cumulative energy consumption by toaster from midnight","Wh","Elec_EnergyRPBA9PlugsKitSink","Elec"
"Energy - RP BA-10 Garbage Disposal","Electrical","Kitchen","Cumulative energy consumption by garbage disposal from midnight","Wh","Elec_EnergyRPBA10GarbageDisposal","Elec"
"Energy - RP BA-11 Plugs - Kit (Range)","Electrical","Kitchen","Cumulative energy consumption by blender from midnight","Wh","Elec_EnergyRPBA11PlugsKitRange","Elec"
"Energy - RP BA-12 Plugs - Kit Peninsula","Electrical","Kitchen","Cumulative energy consumption by hand mixer and can opener from midnight","Wh","Elec_EnergyRPBA12PlugsKitPeninsula","Elec"
"Energy - RP BA-14 Microwave","Electrical","Kitchen","Cumulative energy consumption by microwave oven from midnight","Wh","Elec_EnergyRPBA14Microwave","Elec"
"Energy - RP BA-21 Plugs - 2nd Floor","Electrical","Bath2","Cumulative energy consumption from receptacles in bathroom 2 from midnight","Wh","Elec_EnergyRPBA21Plugs2ndFloor","Elec"
"Energy - RP BA-23 Spare","Electrical","Basement","Cumulative energy consumption by computer network hardware in basement from midnight","Wh","Elec_EnergyRPBA23Spare","Elec"
"Energy - RP BA-29 Plugs - BR2","Electrical","Bedroom2","Cumulative energy consumption from receptacles in bedroom 2 from midnight","Wh","Elec_EnergyRPBA29PlugsBR2","Elec"
"Energy - RP BA-31 Plugs - MBR","Electrical","MBedroom","Cumulative energy consumption from receptacles in master bedroom from midnight","Wh","Elec_EnergyRPBA31PlugsMBR","Elec"
"Energy - RP BA-32 Lights - 1st FloorA","Lighting","Multiple","Cumulative energy consumption by a subset of lighting on first floor from midnight; includes living room, hallway, and bedroom 4.  ","Wh","Elec_EnergyRPBA32Lights1stFloorA","Elec"
"Energy - RP BA-34 Lights - 1st FloorB","Lighting","Multiple","Cumulative energy consumption by a subset of lighting on first floor from midnight; includes hallway, bathroom, kitchen, and dining room","Wh","Elec_EnergyRPBA34Lights1stFloorB","Elec"
"Energy - RP BA-40 Dishwasher","Electrical","Kitchen","Cumulative energy consumption by dishwasher from midnight","Wh","Elec_EnergyRPBA40Dishwasher","Elec"
"Energy - RP BB-1 Plugs - GSHP Instrumentation","Instr","Basement","Cumulative energy consumption from midnight by instrumentation connected to ground source heat pump test apparatus","Wh","In_EnergyRPBB1PlugsGSHPInstrumentation","In"
"Energy - RP BB-2 Plugs - Inst Mudroom A","Instr","Mudroom","Cumulative energy consumption from midnight by instrumentation plugged into receptacles in mudroom","Wh","In_EnergyRPBB2PlugsInstMudroomA","In"
"Energy - RP BB-3 Plugs - HVAC Instrumentation","Instr","Basement","Cumulative energy consumption from midnight by instrumentation connected to heat pump","Wh","In_EnergyRPBB3PlugsHVACInstrumentation","In"
"Energy - RP BB-4 Plugs - Inst BA1","Instr","Bath1","Cumulative energy consumption from midnight by instrumentation plugged into receptacles in bathroom 1","Wh","In_EnergyRPBB4PlugsInstBA1","In"
"Energy - RP BB-5 Lights - Attic","Lighting","Attic","Cumulative energy consumption from midnight by lights activated in attic","Wh","Elec_EnergyRPBB5LightsAttic","Elec"
"Energy - RP BB-6 Plugs - Inst Kit A","Instr","Kitchen","Cumulative energy consumption from midnight by instrumentation plugged into receptacles in kitchen","Wh","In_EnergyRPBB6PlugsInstKitA","In"
"Energy - RP BB-7 Plugs - Inst Mudroom B","Instr","Mudroom","Cumulative energy consumption from midnight by instrumentation plugged into receptacles in mudroom","Wh","In_EnergyRPBB7PlugsInstMudroomB","In"
"Energy - RP BB-8 Parent A - Downstairs","Loads","Kitchen","Cumulative heat energy given off from midnight by emulator of parent A in the kitchen","Wh","Load_EnergyRPBB8ParentADownstairs","Load"
"Energy - RP BB-9 Plugs - Inst DR A","Instr","Dining Room","Cumulative energy consumption from midnight by instrumentation plugged into receptacles in dining room","Wh","In_EnergyRPBB9PlugsInstDRA","In"
"Energy - RP BB-10 Plugs - Inst BR4 A","Instr","Bedroom4","Cumulative energy consumption from midnight by instrumentation plugged into receptacles in bedroom 4","Wh","In_EnergyRPBB10PlugsInstBR4A","In"
"Energy - RP BB-11 Child B - Downstairs","Loads","Dining Room","Cumulative heat energy given off from midnight by emulator of child B in the dining room","Wh","Load_EnergyRPBB11ChildBDownstairs","Load"
"Energy - RP BB-12 Plugs - Inst BR4 A","Instr","Bedroom4","Cumulative energy consumption from midnight by instrumentation plugged into receptacles in bedroom 4","Wh","In_EnergyRPBB12PlugsInstBR4A","In"
"Energy - RP BB-13 Plugs - Inst LR A","Instr","Living Room","Cumulative energy consumption from midnight by instrumentation plugged into receptacles in living room","Wh","In_EnergyRPBB13PlugsInstLRA","In"
"Energy - RP BB-15 Child A - Downstairs","Loads","LivingRoom","Cumulative heat energy given off from midnight by emulator of child A in the living room","Wh","Load_EnergyRPBB15ChildADownstairs","Load"
"Energy - RP BB-16 Plugs - Inst LR B","Instr","Living Room","Cumulative energy consumption from midnight by instrumentation plugged into receptacles in living room","Wh","In_EnergyRPBB16PlugsInstLRB","In"
"Energy - RP BB-18 Plugs - Inst BA2","Instr","Bath2","Cumulative energy consumption from midnight by instrumentation plugged into receptacles in bathroom 2","Wh","In_EnergyRPBB18PlugsInstBA2","In"
"Energy - RP BB-19 Plugs - Inst MBA B","Instr","MBath","Cumulative energy consumption from midnight by instrumentation plugged into receptacles in master bathroom","Wh","In_EnergyRPBB19PlugsInstMBAB","In"
"Energy - RP BB-21 Plugs - Inst MBR A","Instr","MBedroom","Cumulative energy consumption from midnight by instrumentation plugged into receptacles in the master bedroom","Wh","In_EnergyRPBB21PlugsInstMBRA","In"
"Energy - RP BB-22 Plugs - Inst BR2/Hall","Instr","Bedroom 2","Cumulative energy consumption from midnight by instrumentation plugged into receptacles in bedroom 2","Wh","In_EnergyRPBB22PlugsInstBR2Hall","In"
"Energy - RP BB-23 Parent A - Upstairs","Loads","MBedroom","Cumulative heat energy given off from midnight by emulator of parent A in the master bedroom","Wh","Load_EnergyRPBB23ParentAUpstairs","Load"
"Energy - RP BB-24 Plugs - Inst Hall","Instr","Entry Hallway","Cumulative energy consumption from midnight by instrumentation plugged into receptacles in entry hallway","Wh","In_EnergyRPBB24PlugsInstHall","In"
"Energy - RP BB-25 Lighting Control Panel (RP-S #1)","Instr","Basement","Cumulative energy consumption from midnight by lighting control panel located in basement","Wh","In_EnergyRPBB25LightingControlPanelRPS1","In"
"Energy - RP BB-26 Plugs - Inst BR3","Instr","Bedroom3","Cumulative energy consumption from midnight by instrumentation plugged into receptacles in bedroom 3","Wh","In_EnergyRPBB26PlugsInstBR3","In"
"Energy - RP BB-27 Child A - Upstairs","Loads","Bedroom2","Cumulative heat energy given off from midnight by emulator of child A in bedroom 2","Wh","Load_EnergyRPBB27ChildAUpstairs","Load"
"Energy - RP BB-28 Child B - Upstairs","Loads","Bedroom3","Cumulative heat energy given off from midnight by emulator of child B in bedroom 3","Wh","Load_EnergyRPBB28ChildBUpstairs","Load"
"Energy - RP BB-29 Heat Load for Refrigerator","Instr","Kitchen","Cumulative heat energy added to compartment of refrigerator to simulate opening and adding warm items","Wh","In_EnergyRPBB29HeatLoadforRefrigerator","In"
"Energy - RP BB-31 Lighting Control Panel (RP-S #2)","Instr","Basement","Cumulative energy consumption from midnight by lighting control panel located in basement","Wh","In_EnergyRPBB31LightingControlPanelRPS2","In"
"Energy - RP BB-33 Lights - Basement","Lighting","Basement","Cumulative energy consumption from midnight by lights activated in basement","Wh","Elec_EnergyRPBB33LightsBasement","Elec"
"Energy - RP BB-34 Parent B - Upstairs","Loads","MBedroom","Cumulative heat energy given off from midnight by emulator of parent B in master bedroom","Wh","Load_EnergyRPBB34ParentBUpstairs","Load"
"Energy - RP BB-39 Parent B - Downstairs","Loads","Dining Room","Cumulative heat energy given off from midnight by emulator of parent B in dining room","Wh","Load_EnergyRPBB39ParentBDownstairs","Load"
"Energy - RP BB-40 Plugs - Inst Kit D","Instr","Kitchen","Cumulative energy consumption from midnight by instrumentation located in kitchen","Wh","In_EnergyRPBB40PlugsInstKitD","In"
"Energy - RP BB-41 Plugs - DR B","Electrical","Dining Room","Cumulative energy consumption from receptacles in dining room from midnight","Wh","Elec_EnergyRPBB41PlugsDRB","Elec"
"Energy - RP BB-42 Plugs - Attic","Electrical","Attic","Cumulative energy consumption from receptacles in attic from midnight","Wh","Elec_EnergyRPBB42PlugsAttic","Elec"
"Power - RP B-1 Plugs - Base A (Heliodyne HXs)","SHW","Basement","Instantaneous power used by solar water heater pumps","W","SHW_PowerRPB1PlugsBaseAHeliodyneHXs","SHW"
"Power - RP B-2 Plugs - Base B","Electrical","Basement","Instantaneous power used at receptacle B in basement ","W","Elec_PowerRPB2PlugsBaseB","Elec"
"Power - RP B-3 Plugs - Base C","Electrical","Basement","Instantaneous power used at receptacle C in basement ","W","Elec_PowerRPB3PlugsBaseC","Elec"
"Power - RP B-4 Sump Pump","Electrical","Basement","Instantaneous power used by sump pump in basement","W","Elec_PowerRPB4SumpPump","Elec"
"Power - RP B-5 Lights - Basement Stair","Lighting","Basement","Instantaneous power used by lights over basement stairs","W","Elec_PowerRPB5LightsBasementStair","Elec"
"Power - RP B-6 Spare","Electrical","Basement","Instantaneous power used by standby load in basement","W","Elec_PowerRPB6Spare","Elec"
"Power - RP B-8 Plugs - BA1","Electrical","Bath1","Instantaneous power used by receptacles of bathroom 1","W","Elec_PowerRPB8PlugsBA1","Elec"
"Power - RP B-13 Plugs - DR","Electrical","Dining Room","Instantaneous power used at receptacles of dining room ","W","Elec_PowerRPB13PlugsDR","Elec"
"Power - RP B-14 Plugs - BR4","Electrical","Bedroom4","Instantaneous power used at receptacles of bedroom 4 ","W","Elec_PowerRPB14PlugsBR4","Elec"
"Power - RP B-15 Plugs - Entry Hall","Electrical","Entry Hallway","Instantaneous power used at receptacles in entry hallway ","W","Elec_PowerRPB15PlugsEntryHall","Elec"
"Power - RP B-16 Plugs - LR","Electrical","Living Room","Instantaneous power used at receptacles of living room ","W","Elec_PowerRPB16PlugsLR","Elec"
"Power - RP B-17 Clothes Washer","Electrical","Utility","Instantaneous power used by clothes washer ","W","Elec_PowerRPB17ClothesWasher","Elec"
"Power - RP B-18 Dryer (1of2)","Electrical","Utility","Instantaneous power used by one leg of electrical supply to dryer; note that power from other leg is needed to get total power consumption by dryer","W","Elec_PowerRPB18Dryer1of2","Elec"
"Power - RP B-19 Dehumidifier","HVAC","Basement","Instantaneous power used by dehumidifier","W","HVAC_PowerRPB19Dehumidifier","HVAC"
"Power - RP B-20 Dryer (2of2)","Electrical","Utility","Instantaneous power consumption of one leg of electrical supply to dryer; note that power from other leg is needed to get total power consumption by dryer","W","Elec_PowerRPB20Dryer2of2","Elec"
"Power - RP B-25 HRV","HVAC","Basement","Instantaneous power consumption of heat recovery ventilator ","W","HVAC_PowerRPB25HRV","HVAC"
"Power - RP B-26 Heat Pump WH (1of2)","DHW","Basement","Instantaneous power consumption of one leg of electrical supply to heat pump water heater; note that power from other leg is needed to get total power consumption by heat pump water heater","W","DHW_PowerRPB26HeatPumpWH1of2","DHW"
"Power - RP B-28 Heat Pump WH (2of2)","DHW","Basement","Instantaneous power consumption of one leg of electrical supply to heat pump water heater; note that power from other leg is needed to get total power consumption by heat pump water heater","W","DHW_PowerRPB28HeatPumpWH2of2","DHW"
"Power - RP B-33 PV (1of2)","PV","Basement","Instantaneous power fed into breaker panel by one leg of electrical supply from PV inverters; note that power supplied from other leg is needed to get total power supply from inverters","W","PV_PowerRPB33PV1of2","PV"
"Power - RP B-35 PV (2of2)","PV","Basement","Instantaneous power fed into breaker panel by one leg of electrical supply from PV inverters; note that power supplied from other leg is needed to get total power supply from inverters","W","PV_PowerRPB35PV2of2","PV"
"Power - RP BA-1 Make-Up Air Damper","Ventilation","Attic","Instantaneous power consumption of make-up air damper located in attic ","W","Vent_PowerRPBA1MakeUpAirDamper","Vent"
"Power - RP BA-2 Lights - 2nd Floor","Lighting","Bath2","Instantaneous power consumption of lighting in bathroom 2 ","W","Elec_PowerRPBA2Lights2ndFloor","Elec"
"Power - RP BA-3 Plugs - MBA (East)","Electrical","MBath","Instantaneous power consumption from receptacles on east side of master bathroom ","W","Elec_PowerRPBA3PlugsMBAEast","Elec"
"Power - RP BA-4 Plugs - BA2 (South)","Electrical","Bath2","Instantaneous power consumption from receptacles on south side of bathroom 2 ","W","Elec_PowerRPBA4PlugsBA2South","Elec"
"Power - RP BA-5 Plugs - MBA (West)","Electrical","MBath","Instantaneous power consumption from receptacles on west side of master bathroom ","W","Elec_PowerRPBA5PlugsMBAWest","Elec"
"Power - RP BA-6 Plugs - BA2 (North)","Electrical","Bath2","Instantaneous power consumption from receptacles on north side of bathroom 2 ","W","Elec_PowerRPBA6PlugsBA2North","Elec"
"Power - RP BA-7 Plugs - BR3","Electrical","Bedroom3","Instantaneous power consumption from receptacles in bedroom 3 ","W","Elec_PowerRPBA7PlugsBR3","Elec"
"Power - RP BA-8 Refrigerator","Electrical","Kitchen","Instantaneous power consumption by refrigerator ","W","Elec_PowerRPBA8Refrigerator","Elec"
"Power - RP BA-9 Plugs - Kit (Sink)","Electrical ","Kitchen","Instantaneous power consumption by toaster","W","Elec_PowerRPBA9PlugsKitSink","Elec"
"Power - RP BA-10 Garbage Disposal","Electrical ","Kitchen","Instantaneous power consumption by garbage disposal ","W","Elec_PowerRPBA10GarbageDisposal","Elec"
"Power - RP BA-11 Plugs - Kit (Range)","Electrical ","Kitchen","Instantaneous power consumption by blender ","W","Elec_PowerRPBA11PlugsKitRange","Elec"
"Power - RP BA-12 Plugs - Kit Peninsula","Electrical ","Kitchen","Instantaneous power consumption by mixer and can opener","W","Elec_PowerRPBA12PlugsKitPeninsula","Elec"
"Power - RP BA-14 Microwave","Electrical ","Kitchen","Instantaneous power consumption by microwave oven ","W","Elec_PowerRPBA14Microwave","Elec"
"Power - RP BA-21 Plugs - 2nd Floor","Electrical","Bath2","Instantaneous power consumption from receptacles in bathroom 2 ","W","Elec_PowerRPBA21Plugs2ndFloor","Elec"
"Power - RP BA-23 Spare","Electrical","Basement","Instantaneous power consumption by computer network connection in basement","W","Elec_PowerRPBA23Spare","Elec"
"Power - RP BA-29 Plugs - BR2","Electrical","Bedroom2","Instantaneous power consumption from receptacles in bedroom 2 ","W","Elec_PowerRPBA29PlugsBR2","Elec"
"Power - RP BA-31 Plugs - MBR","Electrical","MBedroom","Instantaneous power consumption from receptacles in master bedroom ","W","Elec_PowerRPBA31PlugsMBR","Elec"
"Power - RP BA-32 Lights - 1st FloorA","Lighting","Multiple","Instantaneous power consumption by a subset of lighting on first floor from midnight; includes living room, hallway, and bedroom 4.  ","W","Elec_PowerRPBA32Lights1stFloorA","Elec"
"Power - RP BA-34 Lights - 1st FloorB","Lighting","Multiple","Instantaneous power consumption by a subset of lighting on first floor from midnight; includes hallway, bathroom, kitchen, and dining room","W","Elec_PowerRPBA34Lights1stFloorB","Elec"
"Power - RP BA-40 Dishwasher","Electrical","Kitchen","Instantaneous power consumption by dishwasher ","W","Elec_PowerRPBA40Dishwasher","Elec"
"Power - RP BB-1 Plugs - GSHP Instrumentation","Instr","Basement","Instantaneous power consumption by instrumentation connected to ground source heat pump test apparatus","W","In_PowerRPBB1PlugsGSHPInstrumentation","In"
"Power - RP BB-2 Plugs - Inst Mudroom A","Instr","Mudroom","Instantaneous power consumption by instrumentation plugged into receptacles in mudroom","W","In_PowerRPBB2PlugsInstMudroomA","In"
"Power - RP BB-3 Plugs - HVAC Instrumentation","Instr","Basement","Instantaneous power consumption by instrumentation connected to heat pump ","W","In_PowerRPBB3PlugsHVACInstrumentation","In"
"Power - RP BB-4 Plugs - Inst BA1","Instr","Bath1","Instantaneous power consumption by instrumentation plugged into receptacles in bathroom 1","W","In_PowerRPBB4PlugsInstBA1","In"
"Power - RP BB-5 Lights - Attic","Lighting","Attic","Instantaneous power consumption by lights activated in attic","W","Elec_PowerRPBB5LightsAttic","Elec"
"Power - RP BB-6 Plugs - Inst Kit A","Instr","Kitchen","Instantaneous power consumption by instrumentation plugged into receptacles in kitchen","W","In_PowerRPBB6PlugsInstKitA","In"
"Power - RP BB-7 Plugs - Inst Mudroom B","Instr","Mudroom","Instantaneous power consumption by instrumentation plugged into receptacles in mudroom","W","In_PowerRPBB7PlugsInstMudroomB","In"
"Power - RP BB-8 Parent A - Downstairs","Loads","Kitchen","Instantaneous power consumption by emulator of parent A in the kitchen","W","Load_PowerRPBB8ParentADownstairs","Load"
"Power - RP BB-9 Plugs - Inst DR A","Instr","Dining Room","Instantaneous power consumption by instrumentation plugged into receptacles in dining room","W","In_PowerRPBB9PlugsInstDRA","In"
"Power - RP BB-10 Plugs - Inst BR4 A","Instr","Bedroom4","Instantaneous power consumption by instrumentation plugged into receptacles in bedroom 4","W","In_PowerRPBB10PlugsInstBR4A","In"
"Power - RP BB-11 Child B - Downstairs","Loads","Dining Room","Instantaneous power consumption by emulator of child B in the dining room","W","Load_PowerRPBB11ChildBDownstairs","Load"
"Power - RP BB-12 Plugs - Inst BR4 A","Instr","Bedroom4","Instantaneous power consumption by instrumentation plugged into receptacles in bedroom 4","W","In_PowerRPBB12PlugsInstBR4A","In"
"Power - RP BB-13 Plugs - Inst LR A","Instr","Living Room","Instantaneous power consumption by instrumentation plugged into receptacles in living room","W","In_PowerRPBB13PlugsInstLRA","In"
"Power - RP BB-15 Child A - Downstairs","Loads","LivingRoom","Instantaneous power consumption by emulator of child A in the living room","W","Load_PowerRPBB15ChildADownstairs","Load"
"Power - RP BB-16 Plugs - Inst LR B","Instr","Living Room","Instantaneous power consumption by instrumentation plugged into receptacles in living room","W","In_PowerRPBB16PlugsInstLRB","In"
"Power - RP BB-18 Plugs - Inst BA2","Instr","Bath2","Instantaneous power consumption by instrumentation plugged into receptacles in bathroom 2","W","In_PowerRPBB18PlugsInstBA2","In"
"Power - RP BB-19 Plugs - Inst MBA B","Instr","MBath","Instantaneous power consumption by instrumentation plugged into receptacles in master bathroom","W","In_PowerRPBB19PlugsInstMBAB","In"
"Power - RP BB-21 Plugs - Inst MBR A","Instr","MBedroom","Instantaneous power by instrumentation plugged into receptacles in the master bedroom","W","In_PowerRPBB21PlugsInstMBRA","In"
"Power - RP BB-22 Plugs - Inst BR2/Hall","Instr","Bedroom 2","Instantaneous power consumption by instrumentation plugged into receptacles in bedroom 2","W","In_PowerRPBB22PlugsInstBR2Hall","In"
"Power - RP BB-23 Parent A - Upstairs","Loads","MBedroom","Instantaneous power consumption by emulator of parent A in the master bedroom ","W","Load_PowerRPBB23ParentAUpstairs","Load"
"Power - RP BB-24 Plugs - Inst Hall","Instr","Entry Hallway","Instantaneous power consumption by instrumentation plugged into receptacles in entry hallway","W","In_PowerRPBB24PlugsInstHall","In"
"Power - RP BB-25 Lighting Control Panel (RP-S #1)","Instr","Basement","Instantaneous power consumption by lighting control panel located in basement","W","In_PowerRPBB25LightingControlPanelRPS1","In"
"Power - RP BB-26 Plugs - Inst BR3","Instr","Bedroom3","Instantaneous power consumption by instrumentation plugged into receptacles in bedroom 3","W","In_PowerRPBB26PlugsInstBR3","In"
"Power - RP BB-27 Child A - Upstairs","Loads","Bedroom2","Instantaneous power consumption by emulator of child A in bedroom 2","W","Load_PowerRPBB27ChildAUpstairs","Load"
"Power - RP BB-28 Child B - Upstairs","Loads","Bedroom3","Instantaneous power consumption by emulator of child B in bedroom 3","W","Load_PowerRPBB28ChildBUpstairs","Load"
"Power - RP BB-29 Heat Load for Refrigerator","Instr","Kitchen","Instantaneous power of heat load in refrigerator to simulate opening and adding warm items","W","In_PowerRPBB29HeatLoadforRefrigerator","In"
"Power - RP BB-31 Lighting Control Panel (RP-S #2)","Instr","Basement","Instantaneous power consumption by lighting control panel located in basement","W","In_PowerRPBB31LightingControlPanelRPS2","In"
"Power - RP BB-33 Lights - Basement","Lighting","Basement","Instantaneous power consumption by lights activated in basement","W","Elec_PowerRPBB33LightsBasement","Elec"
"Power - RP BB-34 Parent B - Upstairs","Loads","MBedroom","Instantaneous power consumption by emulator of parent B in master bedroom ","W","Load_PowerRPBB34ParentBUpstairs","Load"
"Power - RP BB-39 Parent B - Downstairs","Loads","Dining Room","Instantaneous power consumption by emulator of parent B in dining room ","W","Load_PowerRPBB39ParentBDownstairs","Load"
"Power - RP BB-40 Plugs - Inst Kit D","Instr","Kitchen","Instantaneous power consumption by instrumentation located in kitchen","W","In_PowerRPBB40PlugsInstKitD","In"
"Power - RP BB-41 Plugs - DR B","Electrical","Dining Room","Instantaneous power consumption from receptacles in dining room ","W","Elec_PowerRPBB41PlugsDRB","Elec"
"Power - RP BB-42 Plugs - Attic","Electrical","Attic","Instantaneous power consumption from receptacles in attic ","W","Elec_PowerRPBB42PlugsAttic","Elec"
